{
    "MEGCoordinateSystem": "ElektaNeuromag",
    "MEGCoordinateUnits": "m",
    "HeadCoilCoordinates": {
        "NAS": [
            -5.587935447692871e-09,
            0.0956864058971405,
            -1.4901161193847656e-08
        ],
        "LPA": [
            -0.07263685762882233,
            2.9802322387695312e-08,
            -5.587935447692871e-09
        ],
        "RPA": [
            0.0758090689778328,
            2.9802322387695312e-08,
            -3.725290298461914e-09
        ],
        "coil1": [
            0.05771937966346741,
            -0.027355700731277466,
            -0.01541239395737648
        ],
        "coil2": [
            0.04135921597480774,
            0.0928979218006134,
            0.045061443001031876
        ],
        "coil3": [
            -0.0031588489655405283,
            0.10612978786230087,
            0.04941830411553383
        ],
        "coil4": [
            -0.03724642097949982,
            0.09628328680992126,
            0.05003661662340164
        ],
        "coil5": [
            -0.052256546914577484,
            -0.028575018048286438,
            -0.026879478245973587
        ]
    },
    "HeadCoilCoordinateSystem": "ElektaNeuromag",
    "HeadCoilCoordinateUnits": "m"
}
