{
    "MEGCoordinateSystem": "ElektaNeuromag",
    "MEGCoordinateUnits": "m",
    "HeadCoilCoordinates": {
        "NAS": [
            5.587935447692871e-09,
            0.11060193181037903,
            1.1175870895385742e-08
        ],
        "LPA": [
            -0.0725645050406456,
            0.0,
            1.4901161193847656e-08
        ],
        "RPA": [
            0.07477913796901703,
            0.0,
            2.60770320892334e-08
        ],
        "coil1": [
            0.0693320631980896,
            -0.02565672993659973,
            -0.008909344673156738
        ],
        "coil2": [
            0.048972390592098236,
            0.10344749689102173,
            0.0372815802693367
        ],
        "coil3": [
            -0.002315694000571966,
            0.12319961190223694,
            0.035824500024318695
        ],
        "coil4": [
            -0.05532484129071236,
            0.09421929717063904,
            0.039077095687389374
        ],
        "coil5": [
            -0.05932801961898804,
            -0.02590981125831604,
            -0.02129732072353363
        ]
    },
    "HeadCoilCoordinateSystem": "ElektaNeuromag",
    "HeadCoilCoordinateUnits": "m"
}
