{
    "MEGCoordinateSystem": "ElektaNeuromag",
    "MEGCoordinateUnits": "m",
    "HeadCoilCoordinates": {
        "NAS": [
            -7.916241884231567e-09,
            0.11218181252479553,
            7.450580596923828e-09
        ],
        "LPA": [
            -0.0757426992058754,
            0.0,
            0.0
        ],
        "RPA": [
            0.07631909102201462,
            0.0,
            1.4901161193847656e-08
        ],
        "coil1": [
            0.06911449879407883,
            -0.034930258989334106,
            -0.00037400098517537117
        ],
        "coil2": [
            0.05254608020186424,
            0.10102254152297974,
            0.03320256248116493
        ],
        "coil3": [
            -0.014476554468274117,
            0.12048232555389404,
            0.034023355692625046
        ],
        "coil4": [
            -0.05544640123844147,
            0.09810805320739746,
            0.037145745009183884
        ],
        "coil5": [
            -0.07005931437015533,
            -0.030995158478617668,
            -0.011303815990686417
        ]
    },
    "HeadCoilCoordinateSystem": "ElektaNeuromag",
    "HeadCoilCoordinateUnits": "m"
}
