{
    "MEGCoordinateSystem": "ElektaNeuromag",
    "MEGCoordinateUnits": "m",
    "HeadCoilCoordinates": {
        "NAS": [
            9.313225746154785e-10,
            0.091607004404068,
            3.725290298461914e-09
        ],
        "LPA": [
            -0.06964472681283951,
            -2.9802322387695312e-08,
            -3.725290298461914e-09
        ],
        "RPA": [
            0.07052777707576752,
            -2.9802322387695312e-08,
            0.0
        ],
        "coil1": [
            0.05941924452781677,
            -0.012843519449234009,
            -0.03096805512905121
        ],
        "coil2": [
            0.01908453181385994,
            0.10138174891471863,
            0.044033270329236984
        ],
        "coil3": [
            -0.013955487869679928,
            0.10019856691360474,
            0.044250648468732834
        ],
        "coil4": [
            -0.03784547001123428,
            0.09033313393592834,
            0.03370380401611328
        ],
        "coil5": [
            -0.05184812471270561,
            -0.022639095783233643,
            -0.028018277138471603
        ]
    },
    "HeadCoilCoordinateSystem": "ElektaNeuromag",
    "HeadCoilCoordinateUnits": "m"
}
