{
    "MEGCoordinateSystem": "ElektaNeuromag",
    "MEGCoordinateUnits": "m",
    "HeadCoilCoordinates": {
        "NAS": [
            0.0,
            0.09930077195167542,
            0.0
        ],
        "LPA": [
            -0.06883933395147324,
            -2.9802322387695312e-08,
            -7.450580596923828e-09
        ],
        "RPA": [
            0.06536973267793655,
            -2.9802322387695312e-08,
            -3.725290298461914e-09
        ],
        "coil1": [
            0.05852239951491356,
            -0.021434681490063667,
            -0.033488571643829346
        ],
        "coil2": [
            0.03922184929251671,
            0.09394597262144089,
            0.04301311820745468
        ],
        "coil3": [
            -0.00040443200850859284,
            0.1030907928943634,
            0.06080342084169388
        ],
        "coil4": [
            -0.046094704419374466,
            0.08718475699424744,
            0.0556347593665123
        ],
        "coil5": [
            -0.05205211788415909,
            -0.027703583240509033,
            -0.032835643738508224
        ]
    },
    "HeadCoilCoordinateSystem": "ElektaNeuromag",
    "HeadCoilCoordinateUnits": "m"
}
