{
    "MEGCoordinateSystem": "ElektaNeuromag",
    "MEGCoordinateUnits": "m",
    "HeadCoilCoordinates": {
        "NAS": [
            -5.587935447692871e-09,
            0.09225878119468689,
            -3.725290298461914e-09
        ],
        "LPA": [
            -0.07598765939474106,
            0.0,
            -1.862645149230957e-09
        ],
        "RPA": [
            0.07156737893819809,
            2.9802322387695312e-08,
            -9.313225746154785e-09
        ],
        "coil1": [
            0.05982334166765213,
            -0.022279798984527588,
            -0.016029642894864082
        ],
        "coil2": [
            0.04283132776618004,
            0.08667992800474167,
            0.033648330718278885
        ],
        "coil3": [
            -0.0014876299537718296,
            0.10019192099571228,
            0.028158383443951607
        ],
        "coil4": [
            -0.043650586158037186,
            0.08473682403564453,
            0.03385259211063385
        ],
        "coil5": [
            -0.06057297810912132,
            -0.025346606969833374,
            -0.017684562131762505
        ]
    },
    "HeadCoilCoordinateSystem": "ElektaNeuromag",
    "HeadCoilCoordinateUnits": "m"
}
