{
    "MEGCoordinateSystem": "ElektaNeuromag",
    "MEGCoordinateUnits": "m",
    "HeadCoilCoordinates": {
        "NAS": [
            7.450580596923828e-09,
            0.09345564246177673,
            1.4901161193847656e-08
        ],
        "LPA": [
            -0.06614808738231659,
            0.0,
            0.0
        ],
        "RPA": [
            0.06461569666862488,
            2.9802322387695312e-08,
            7.450580596923828e-09
        ],
        "coil1": [
            0.05500486493110657,
            -0.027149736881256104,
            -0.02064768224954605
        ],
        "coil2": [
            0.023924103006720543,
            0.10273849964141846,
            0.04527951776981354
        ],
        "coil3": [
            -0.009327638894319534,
            0.10773271322250366,
            0.0494241863489151
        ],
        "coil4": [
            -0.046332601457834244,
            0.08883297443389893,
            0.03666115552186966
        ],
        "coil5": [
            -0.05746962130069733,
            -0.02813217043876648,
            -0.01651763916015625
        ]
    },
    "HeadCoilCoordinateSystem": "ElektaNeuromag",
    "HeadCoilCoordinateUnits": "m"
}
