{
    "MEGCoordinateSystem": "ElektaNeuromag",
    "MEGCoordinateUnits": "m",
    "HeadCoilCoordinates": {
        "NAS": [
            -5.587935447692871e-09,
            0.0914430320262909,
            -7.450580596923828e-09
        ],
        "LPA": [
            -0.06847448647022247,
            0.0,
            -7.450580596923828e-09
        ],
        "RPA": [
            0.06513528525829315,
            0.0,
            -3.725290298461914e-09
        ],
        "coil1": [
            0.05470206215977669,
            -0.028905093669891357,
            -0.02319730818271637
        ],
        "coil2": [
            0.03590936213731766,
            0.09518131613731384,
            0.03572193160653114
        ],
        "coil3": [
            -0.0053526656702160835,
            0.1050361692905426,
            0.034376539289951324
        ],
        "coil4": [
            -0.04452768713235855,
            0.08721596002578735,
            0.027254890650510788
        ],
        "coil5": [
            -0.06005042418837547,
            -0.02582305669784546,
            -0.012631372548639774
        ]
    },
    "HeadCoilCoordinateSystem": "ElektaNeuromag",
    "HeadCoilCoordinateUnits": "m"
}
