{
    "MEGCoordinateSystem": "ElektaNeuromag",
    "MEGCoordinateUnits": "m",
    "HeadCoilCoordinates": {
        "NAS": [
            -1.1175870895385742e-08,
            0.094715416431427,
            0.0
        ],
        "LPA": [
            -0.07324699312448502,
            0.0,
            0.0
        ],
        "RPA": [
            0.07267889380455017,
            -2.9802322387695312e-08,
            -7.450580596923828e-09
        ],
        "coil1": [
            0.060481488704681396,
            -0.018025130033493042,
            -0.02465994656085968
        ],
        "coil2": [
            0.03005291149020195,
            0.09749621152877808,
            0.030320629477500916
        ],
        "coil3": [
            0.001181378960609436,
            0.10151427984237671,
            0.03385312855243683
        ],
        "coil4": [
            -0.019939197227358818,
            0.09915727376937866,
            0.031026827171444893
        ],
        "coil5": [
            -0.06219622120261192,
            -0.019851118326187134,
            -0.03406710922718048
        ]
    },
    "HeadCoilCoordinateSystem": "ElektaNeuromag",
    "HeadCoilCoordinateUnits": "m"
}
