{
    "MEGCoordinateSystem": "ElektaNeuromag",
    "MEGCoordinateUnits": "m",
    "HeadCoilCoordinates": {
        "NAS": [
            5.587935447692871e-09,
            0.10464990139007568,
            3.725290298461914e-09
        ],
        "LPA": [
            -0.07037360966205597,
            0.0,
            -3.725290298461914e-09
        ],
        "RPA": [
            0.07346981763839722,
            2.9802322387695312e-08,
            -7.450580596923828e-09
        ],
        "coil1": [
            0.06370314210653305,
            -0.02922818250954151,
            -0.03041950985789299
        ],
        "coil2": [
            0.0370519682765007,
            0.10760152339935303,
            0.03366253152489662
        ],
        "coil3": [
            -0.0037637040950357914,
            0.11897671222686768,
            0.036364976316690445
        ],
        "coil4": [
            -0.039762623608112335,
            0.10466820001602173,
            0.03576046600937843
        ],
        "coil5": [
            -0.06099018454551697,
            -0.030962228775024414,
            -0.022059690207242966
        ]
    },
    "HeadCoilCoordinateSystem": "ElektaNeuromag",
    "HeadCoilCoordinateUnits": "m"
}
