{
    "MEGCoordinateSystem": "ElektaNeuromag",
    "MEGCoordinateUnits": "m",
    "HeadCoilCoordinates": {
        "NAS": [
            0.0,
            0.1080373227596283,
            1.4901161193847656e-08
        ],
        "LPA": [
            -0.07824750989675522,
            0.0,
            1.4901161193847656e-08
        ],
        "RPA": [
            0.08056902885437012,
            0.0,
            2.9802322387695312e-08
        ],
        "coil1": [
            0.06565206497907639,
            -0.021379709243774414,
            -0.028961285948753357
        ],
        "coil2": [
            0.04770761728286743,
            0.10099425911903381,
            0.04521492123603821
        ],
        "coil3": [
            -0.0013966859551146626,
            0.11591750383377075,
            0.04909166693687439
        ],
        "coil4": [
            -0.04936486482620239,
            0.09650886058807373,
            0.04029552638530731
        ],
        "coil5": [
            -0.06600705534219742,
            -0.023158909752964973,
            -0.027003735303878784
        ]
    },
    "HeadCoilCoordinateSystem": "ElektaNeuromag",
    "HeadCoilCoordinateUnits": "m"
}
