{
    "MEGCoordinateSystem": "ElektaNeuromag",
    "MEGCoordinateUnits": "m",
    "HeadCoilCoordinates": {
        "NAS": [
            -5.587935447692871e-09,
            0.09855516254901886,
            -7.450580596923828e-09
        ],
        "LPA": [
            -0.06500805169343948,
            1.4901161193847656e-08,
            -1.1175870895385742e-08
        ],
        "RPA": [
            0.06623215973377228,
            0.0,
            -7.450580596923828e-09
        ],
        "coil1": [
            0.06042325124144554,
            -0.02711471915245056,
            -0.00860651209950447
        ],
        "coil2": [
            0.04007905721664429,
            0.09953126311302185,
            0.04774300009012222
        ],
        "coil3": [
            0.0012729729060083628,
            0.10521811246871948,
            0.06615137308835983
        ],
        "coil4": [
            -0.03765547275543213,
            0.09852339327335358,
            0.04985258728265762
        ],
        "coil5": [
            -0.058643557131290436,
            -0.027609512209892273,
            -0.014014442451298237
        ]
    },
    "HeadCoilCoordinateSystem": "ElektaNeuromag",
    "HeadCoilCoordinateUnits": "m"
}
