{
    "MEGCoordinateSystem": "ElektaNeuromag",
    "MEGCoordinateUnits": "m",
    "HeadCoilCoordinates": {
        "NAS": [
            -7.450580596923828e-09,
            0.10429728031158447,
            0.0
        ],
        "LPA": [
            -0.08148381114006042,
            0.0,
            -7.450580596923828e-09
        ],
        "RPA": [
            0.07843931764364243,
            -2.9802322387695312e-08,
            0.0
        ],
        "coil1": [
            0.06552468240261078,
            -0.025983154773712158,
            -0.017645247280597687
        ],
        "coil2": [
            0.0394623801112175,
            0.10365059971809387,
            0.05604244023561478
        ],
        "coil3": [
            -0.003477386897429824,
            0.1110859215259552,
            0.05462544038891792
        ],
        "coil4": [
            -0.04030010104179382,
            0.10213238000869751,
            0.05283251404762268
        ],
        "coil5": [
            -0.06887219846248627,
            -0.024504274129867554,
            -0.015034705400466919
        ]
    },
    "HeadCoilCoordinateSystem": "ElektaNeuromag",
    "HeadCoilCoordinateUnits": "m"
}
