{
    "MEGCoordinateSystem": "ElektaNeuromag",
    "MEGCoordinateUnits": "m",
    "HeadCoilCoordinates": {
        "NAS": [
            1.862645149230957e-09,
            0.11265134811401367,
            1.4901161193847656e-08
        ],
        "LPA": [
            -0.07998274266719818,
            5.960464477539063e-08,
            7.450580596923828e-09
        ],
        "RPA": [
            0.07454822957515717,
            5.960464477539063e-08,
            7.450580596923828e-09
        ],
        "coil1": [
            0.06155117601156235,
            -0.030465008690953255,
            -0.018056854605674744
        ],
        "coil2": [
            0.048457592725753784,
            0.10379049181938171,
            0.03587980568408966
        ],
        "coil3": [
            -0.0036812589969486,
            0.12339159846305847,
            0.03909981995820999
        ],
        "coil4": [
            -0.05469968542456627,
            0.10201841592788696,
            0.03789724409580231
        ],
        "coil5": [
            -0.0655202716588974,
            -0.03098735213279724,
            -0.02482161670923233
        ]
    },
    "HeadCoilCoordinateSystem": "ElektaNeuromag",
    "HeadCoilCoordinateUnits": "m"
}
