{
    "MEGCoordinateSystem": "ElektaNeuromag",
    "MEGCoordinateUnits": "m",
    "HeadCoilCoordinates": {
        "NAS": [
            7.450580596923828e-09,
            0.10885101556777954,
            0.0
        ],
        "LPA": [
            -0.08214233815670013,
            0.0,
            -1.4901161193847656e-08
        ],
        "RPA": [
            0.07976333796977997,
            -2.9802322387695312e-08,
            0.0
        ],
        "coil1": [
            0.06467810273170471,
            -0.020676881074905396,
            -0.025968626141548157
        ],
        "coil2": [
            0.048374027013778687,
            0.09871494770050049,
            0.045544374734163284
        ],
        "coil3": [
            0.001856431015767157,
            0.11587202548980713,
            0.04806993156671524
        ],
        "coil4": [
            -0.043984439224004745,
            0.10080540180206299,
            0.0462455153465271
        ],
        "coil5": [
            -0.06820124387741089,
            -0.020330995321273804,
            -0.03136979043483734
        ]
    },
    "HeadCoilCoordinateSystem": "ElektaNeuromag",
    "HeadCoilCoordinateUnits": "m"
}
