{
    "MEGCoordinateSystem": "ElektaNeuromag",
    "MEGCoordinateUnits": "m",
    "HeadCoilCoordinates": {
        "NAS": [
            -7.450580596923828e-09,
            0.10988080501556396,
            0.0
        ],
        "LPA": [
            -0.07226578891277313,
            2.9802322387695312e-08,
            1.4901161193847656e-08
        ],
        "RPA": [
            0.07429185509681702,
            2.9802322387695312e-08,
            1.4901161193847656e-08
        ],
        "coil1": [
            0.06522023677825928,
            -0.02299615740776062,
            -0.015431045554578304
        ],
        "coil2": [
            0.04407552629709244,
            0.10756435990333557,
            0.04428938776254654
        ],
        "coil3": [
            -0.0009841920109465718,
            0.12209150195121765,
            0.04369041323661804
        ],
        "coil4": [
            -0.047864679247140884,
            0.10251312702894211,
            0.05067809671163559
        ],
        "coil5": [
            -0.06313741207122803,
            -0.014913678169250488,
            -0.016212858259677887
        ]
    },
    "HeadCoilCoordinateSystem": "ElektaNeuromag",
    "HeadCoilCoordinateUnits": "m"
}
