{
    "MEGCoordinateSystem": "ElektaNeuromag",
    "MEGCoordinateUnits": "m",
    "HeadCoilCoordinates": {
        "NAS": [
            0.0,
            0.1012086272239685,
            -3.725290298461914e-09
        ],
        "LPA": [
            -0.07281634956598282,
            -5.960464477539063e-08,
            0.0
        ],
        "RPA": [
            0.06641505658626556,
            0.0,
            -7.450580596923828e-09
        ],
        "coil1": [
            0.055833280086517334,
            -0.0227262694388628,
            -0.019430749118328094
        ],
        "coil2": [
            0.04317754507064819,
            0.09462577104568481,
            0.05632760003209114
        ],
        "coil3": [
            6.076699719415046e-05,
            0.10543137788772583,
            0.06211680918931961
        ],
        "coil4": [
            -0.043534889817237854,
            0.09460717439651489,
            0.05265801399946213
        ],
        "coil5": [
            -0.05752551555633545,
            -0.022032620385289192,
            -0.024305563420057297
        ]
    },
    "HeadCoilCoordinateSystem": "ElektaNeuromag",
    "HeadCoilCoordinateUnits": "m"
}
