{
    "MEGCoordinateSystem": "ElektaNeuromag",
    "MEGCoordinateUnits": "m",
    "HeadCoilCoordinates": {
        "NAS": [
            0.0,
            0.08909022808074951,
            0.0
        ],
        "LPA": [
            -0.06392578035593033,
            2.9802322387695312e-08,
            5.587935447692871e-09
        ],
        "RPA": [
            0.06833305954933167,
            1.4901161193847656e-08,
            3.725290298461914e-09
        ],
        "coil1": [
            0.05780717730522156,
            -0.028220774605870247,
            -0.016230924054980278
        ],
        "coil2": [
            0.04970218241214752,
            0.08331078290939331,
            0.03679860010743141
        ],
        "coil3": [
            0.004164439160376787,
            0.10027041286230087,
            0.05196285992860794
        ],
        "coil4": [
            -0.03451995551586151,
            0.09170800447463989,
            0.048127204179763794
        ],
        "coil5": [
            -0.05056273937225342,
            -0.03121325559914112,
            -0.01802329532802105
        ]
    },
    "HeadCoilCoordinateSystem": "ElektaNeuromag",
    "HeadCoilCoordinateUnits": "m"
}
