{
    "MEGCoordinateSystem": "ElektaNeuromag",
    "MEGCoordinateUnits": "m",
    "HeadCoilCoordinates": {
        "NAS": [
            -1.862645149230957e-09,
            0.09704270958900452,
            -3.725290298461914e-09
        ],
        "LPA": [
            -0.0659017562866211,
            0.0,
            7.450580596923828e-09
        ],
        "RPA": [
            0.06421904265880585,
            2.9802322387695312e-08,
            -3.725290298461914e-09
        ],
        "coil1": [
            0.054668404161930084,
            -0.023768320679664612,
            -0.01341797411441803
        ],
        "coil2": [
            0.047836143523454666,
            0.08154454827308655,
            0.025683389976620674
        ],
        "coil3": [
            1.017600061459234e-05,
            0.1062292754650116,
            0.02787204086780548
        ],
        "coil4": [
            -0.04741526395082474,
            0.08409464359283447,
            0.026103440672159195
        ],
        "coil5": [
            -0.05717635899782181,
            -0.021169736981391907,
            -0.016099566593766212
        ]
    },
    "HeadCoilCoordinateSystem": "ElektaNeuromag",
    "HeadCoilCoordinateUnits": "m"
}
