{
    "MEGCoordinateSystem": "ElektaNeuromag",
    "MEGCoordinateUnits": "m",
    "HeadCoilCoordinates": {
        "NAS": [
            1.0186340659856796e-08,
            0.10424405336380005,
            0.0
        ],
        "LPA": [
            -0.07382042706012726,
            0.0,
            -3.725290298461914e-09
        ],
        "RPA": [
            0.07098919153213501,
            0.0,
            3.725290298461914e-09
        ],
        "coil1": [
            0.06212393566966057,
            -0.0193234384059906,
            -0.027606047689914703
        ],
        "coil2": [
            0.05000094324350357,
            0.08551392704248428,
            0.06324820965528488
        ],
        "coil3": [
            0.002059770980849862,
            0.11298137903213501,
            0.06320656090974808
        ],
        "coil4": [
            -0.045049190521240234,
            0.09512168169021606,
            0.05552287399768829
        ],
        "coil5": [
            -0.062393952161073685,
            -0.02291300892829895,
            -0.029137995094060898
        ]
    },
    "HeadCoilCoordinateSystem": "ElektaNeuromag",
    "HeadCoilCoordinateUnits": "m"
}
