{
    "MEGCoordinateSystem": "ElektaNeuromag",
    "MEGCoordinateUnits": "m",
    "HeadCoilCoordinates": {
        "NAS": [
            9.313225746154785e-10,
            0.10782653093338013,
            3.725290298461914e-09
        ],
        "LPA": [
            -0.07668403536081314,
            -2.9802322387695312e-08,
            1.4901161193847656e-08
        ],
        "RPA": [
            0.06710641831159592,
            -2.9802322387695312e-08,
            2.2351741790771484e-08
        ],
        "coil1": [
            0.05764568969607353,
            -0.025277793407440186,
            -0.022540802136063576
        ],
        "coil2": [
            0.04922080785036087,
            0.08943715691566467,
            0.0469127893447876
        ],
        "coil3": [
            0.0033793479669839144,
            0.11785802245140076,
            0.05403042957186699
        ],
        "coil4": [
            -0.055262379348278046,
            0.0897301435470581,
            0.056445684283971786
        ],
        "coil5": [
            -0.06677708029747009,
            -0.020246922969818115,
            -0.02795896679162979
        ]
    },
    "HeadCoilCoordinateSystem": "ElektaNeuromag",
    "HeadCoilCoordinateUnits": "m"
}
