{
    "MEGCoordinateSystem": "ElektaNeuromag",
    "MEGCoordinateUnits": "m",
    "HeadCoilCoordinates": {
        "NAS": [
            0.0,
            0.10755640268325806,
            1.862645149230957e-09
        ],
        "LPA": [
            -0.07213269174098969,
            -2.9802322387695312e-08,
            5.587935447692871e-09
        ],
        "RPA": [
            0.07308968901634216,
            0.0,
            -3.725290298461914e-09
        ],
        "coil1": [
            0.06266725063323975,
            -0.029445886611938477,
            -0.02324245125055313
        ],
        "coil2": [
            0.03742083162069321,
            0.11028489470481873,
            0.033759914338588715
        ],
        "coil3": [
            -0.0023286270443350077,
            0.12333597987890244,
            0.03941775858402252
        ],
        "coil4": [
            -0.04982832074165344,
            0.10007163882255554,
            0.03150224685668945
        ],
        "coil5": [
            -0.06124293804168701,
            -0.0328829325735569,
            -0.01049105729907751
        ]
    },
    "HeadCoilCoordinateSystem": "ElektaNeuromag",
    "HeadCoilCoordinateUnits": "m"
}
