{
    "MEGCoordinateSystem": "ElektaNeuromag",
    "MEGCoordinateUnits": "m",
    "HeadCoilCoordinates": {
        "NAS": [
            5.587935447692871e-09,
            0.09575583040714264,
            -9.313225746154785e-09
        ],
        "LPA": [
            -0.07236004620790482,
            0.0,
            -1.210719347000122e-08
        ],
        "RPA": [
            0.07463179528713226,
            0.0,
            -1.955777406692505e-08
        ],
        "coil1": [
            0.058818720281124115,
            -0.02197989821434021,
            -0.01924813538789749
        ],
        "coil2": [
            0.04290981963276863,
            0.09351879358291626,
            0.04748592525720596
        ],
        "coil3": [
            -0.006852178834378719,
            0.10703855752944946,
            0.04906325414776802
        ],
        "coil4": [
            -0.04361754283308983,
            0.0930270254611969,
            0.043859437108039856
        ],
        "coil5": [
            -0.053329095244407654,
            -0.028221935033798218,
            -0.016463184729218483
        ]
    },
    "HeadCoilCoordinateSystem": "ElektaNeuromag",
    "HeadCoilCoordinateUnits": "m"
}
