{
    "MEGCoordinateSystem": "ElektaNeuromag",
    "MEGCoordinateUnits": "m",
    "HeadCoilCoordinates": {
        "NAS": [
            3.725290298461914e-09,
            0.09638896584510803,
            2.7939677238464355e-09
        ],
        "LPA": [
            -0.06506600975990295,
            -2.9802322387695312e-08,
            4.6566128730773926e-09
        ],
        "RPA": [
            0.06754370033740997,
            0.0,
            3.259629011154175e-09
        ],
        "coil1": [
            0.059491466730833054,
            -0.023870810866355896,
            -0.006242315750569105
        ],
        "coil2": [
            0.054314471781253815,
            0.07545098662376404,
            0.025160880759358406
        ],
        "coil3": [
            -0.004279262851923704,
            0.1083122193813324,
            0.030954886227846146
        ],
        "coil4": [
            -0.051011472940444946,
            0.07972082495689392,
            0.026634275913238525
        ],
        "coil5": [
            -0.05588540434837341,
            -0.0280473530292511,
            -0.008145858533680439
        ]
    },
    "HeadCoilCoordinateSystem": "ElektaNeuromag",
    "HeadCoilCoordinateUnits": "m"
}
