{
    "MEGCoordinateSystem": "ElektaNeuromag",
    "MEGCoordinateUnits": "m",
    "HeadCoilCoordinates": {
        "NAS": [
            0.0,
            0.10442441701889038,
            -2.2351741790771484e-08
        ],
        "LPA": [
            -0.07271361351013184,
            2.9802322387695312e-08,
            -2.2351741790771484e-08
        ],
        "RPA": [
            0.06790786236524582,
            2.9802322387695312e-08,
            -1.4901161193847656e-08
        ],
        "coil1": [
            0.057552535086870193,
            -0.03473937511444092,
            -0.00553903728723526
        ],
        "coil2": [
            0.05811043083667755,
            0.07524353265762329,
            0.023922443389892578
        ],
        "coil3": [
            0.004645689856261015,
            0.11219653487205505,
            0.040376849472522736
        ],
        "coil4": [
            -0.056481365114450455,
            0.08667954802513123,
            0.0391506627202034
        ],
        "coil5": [
            -0.06846224516630173,
            -0.03133952617645264,
            -0.003926225006580353
        ]
    },
    "HeadCoilCoordinateSystem": "ElektaNeuromag",
    "HeadCoilCoordinateUnits": "m"
}
