{
    "MEGCoordinateSystem": "ElektaNeuromag",
    "MEGCoordinateUnits": "m",
    "HeadCoilCoordinates": {
        "NAS": [
            -1.862645149230957e-09,
            0.09280872344970703,
            0.0
        ],
        "LPA": [
            -0.06841538101434708,
            2.9802322387695312e-08,
            -3.725290298461914e-09
        ],
        "RPA": [
            0.06406676024198532,
            0.0,
            0.0
        ],
        "coil1": [
            0.05730879306793213,
            -0.0325452983379364,
            -0.009871214628219604
        ],
        "coil2": [
            0.03538437932729721,
            0.09521391987800598,
            0.026479482650756836
        ],
        "coil3": [
            -0.003961686044931412,
            0.10580143332481384,
            0.032108064740896225
        ],
        "coil4": [
            -0.042112793773412704,
            0.09064632654190063,
            0.030142737552523613
        ],
        "coil5": [
            -0.059544000774621964,
            -0.027043044567108154,
            -0.01325313001871109
        ]
    },
    "HeadCoilCoordinateSystem": "ElektaNeuromag",
    "HeadCoilCoordinateUnits": "m"
}
