{
    "MEGCoordinateSystem": "ElektaNeuromag",
    "MEGCoordinateUnits": "m",
    "HeadCoilCoordinates": {
        "NAS": [
            1.1175870895385742e-08,
            0.10041999816894531,
            1.4901161193847656e-08
        ],
        "LPA": [
            -0.07274679839611053,
            0.0,
            7.450580596923828e-09
        ],
        "RPA": [
            0.06600645929574966,
            0.0,
            7.450580596923828e-09
        ],
        "coil1": [
            0.057454612106084824,
            -0.03168317675590515,
            -0.007948987185955048
        ],
        "coil2": [
            0.057971224188804626,
            0.0771283209323883,
            0.031114883720874786
        ],
        "coil3": [
            -0.004179530311375856,
            0.11298856139183044,
            0.031171761453151703
        ],
        "coil4": [
            -0.05278898775577545,
            0.09102079272270203,
            0.03250565379858017
        ],
        "coil5": [
            -0.06696594506502151,
            -0.02853173017501831,
            -0.008153424598276615
        ]
    },
    "HeadCoilCoordinateSystem": "ElektaNeuromag",
    "HeadCoilCoordinateUnits": "m"
}
