{
    "MEGCoordinateSystem": "ElektaNeuromag",
    "MEGCoordinateUnits": "m",
    "HeadCoilCoordinates": {
        "NAS": [
            1.0244548320770264e-08,
            0.10744297504425049,
            -3.725290298461914e-09
        ],
        "LPA": [
            -0.07316895574331284,
            0.0,
            -1.862645149230957e-09
        ],
        "RPA": [
            0.0680149644613266,
            0.0,
            -3.725290298461914e-09
        ],
        "coil1": [
            0.05491435527801514,
            -0.028413861989974976,
            -0.02707194909453392
        ],
        "coil2": [
            0.054937977343797684,
            0.08472475409507751,
            0.0594249852001667
        ],
        "coil3": [
            0.0016804030165076256,
            0.12349721789360046,
            0.053811416029930115
        ],
        "coil4": [
            -0.05307559669017792,
            0.09851917624473572,
            0.048832301050424576
        ],
        "coil5": [
            -0.05930812656879425,
            -0.029923170804977417,
            -0.02582457661628723
        ]
    },
    "HeadCoilCoordinateSystem": "ElektaNeuromag",
    "HeadCoilCoordinateUnits": "m"
}
