{
    "MEGCoordinateSystem": "ElektaNeuromag",
    "MEGCoordinateUnits": "m",
    "HeadCoilCoordinates": {
        "NAS": [
            7.450580596923828e-09,
            0.10910055041313171,
            3.725290298461914e-09
        ],
        "LPA": [
            -0.07529834657907486,
            -2.9802322387695312e-08,
            3.725290298461914e-09
        ],
        "RPA": [
            0.0654340535402298,
            -2.9802322387695312e-08,
            -3.725290298461914e-09
        ],
        "coil1": [
            0.056522659957408905,
            -0.021688312292099,
            -0.025141064077615738
        ],
        "coil2": [
            0.052203454077243805,
            0.08457988500595093,
            0.0688643753528595
        ],
        "coil3": [
            0.0009199460037052631,
            0.1237373948097229,
            0.05288522318005562
        ],
        "coil4": [
            -0.03196679800748825,
            0.11694183945655823,
            0.05129540339112282
        ],
        "coil5": [
            -0.0656486377120018,
            -0.02514547109603882,
            -0.033107589930295944
        ]
    },
    "HeadCoilCoordinateSystem": "ElektaNeuromag",
    "HeadCoilCoordinateUnits": "m"
}
