{
    "MEGCoordinateSystem": "ElektaNeuromag",
    "MEGCoordinateUnits": "m",
    "HeadCoilCoordinates": {
        "NAS": [
            1.862645149230957e-09,
            0.09025353193283081,
            0.0
        ],
        "LPA": [
            -0.07127054035663605,
            0.0,
            -3.725290298461914e-09
        ],
        "RPA": [
            0.06812877207994461,
            2.9802322387695312e-08,
            -3.725290298461914e-09
        ],
        "coil1": [
            0.05269976705312729,
            -0.01717168092727661,
            -0.027545753866434097
        ],
        "coil2": [
            0.022461824119091034,
            0.09810930490493774,
            0.04250280559062958
        ],
        "coil3": [
            -0.013358302414417267,
            0.09858837723731995,
            0.05635052174329758
        ],
        "coil4": [
            -0.04038854315876961,
            0.08886611461639404,
            0.036841731518507004
        ],
        "coil5": [
            -0.05578022450208664,
            -0.018502414226531982,
            -0.022651316598057747
        ]
    },
    "HeadCoilCoordinateSystem": "ElektaNeuromag",
    "HeadCoilCoordinateUnits": "m"
}
