{
    "MEGCoordinateSystem": "ElektaNeuromag",
    "MEGCoordinateUnits": "m",
    "HeadCoilCoordinates": {
        "NAS": [
            2.7939677238464355e-09,
            0.10659247636795044,
            3.725290298461914e-09
        ],
        "LPA": [
            -0.07053881138563156,
            0.0,
            1.862645149230957e-09
        ],
        "RPA": [
            0.07823870331048965,
            0.0,
            5.587935447692871e-09
        ],
        "coil1": [
            0.07111681252717972,
            -0.029634565114974976,
            -0.019718695431947708
        ],
        "coil2": [
            0.053782496601343155,
            0.0960252583026886,
            0.0515374094247818
        ],
        "coil3": [
            -0.005804880987852812,
            0.11804240942001343,
            0.044671811163425446
        ],
        "coil4": [
            -0.05150962248444557,
            0.09147438406944275,
            0.052451323717832565
        ],
        "coil5": [
            -0.06759939342737198,
            -0.03028544783592224,
            -0.016573484987020493
        ]
    },
    "HeadCoilCoordinateSystem": "ElektaNeuromag",
    "HeadCoilCoordinateUnits": "m"
}
