{
    "MEGCoordinateSystem": "ElektaNeuromag",
    "MEGCoordinateUnits": "m",
    "HeadCoilCoordinates": {
        "NAS": [
            3.725290298461914e-09,
            0.1046634316444397,
            -7.450580596923828e-09
        ],
        "LPA": [
            -0.08149108290672302,
            0.0,
            -7.450580596923828e-09
        ],
        "RPA": [
            0.07903842628002167,
            2.9802322387695312e-08,
            -7.450580596923828e-09
        ],
        "coil1": [
            0.06595516204833984,
            -0.030919641256332397,
            -0.0110349515452981
        ],
        "coil2": [
            0.048722315579652786,
            0.10111784934997559,
            0.05104422941803932
        ],
        "coil3": [
            0.006537711247801781,
            0.11228954792022705,
            0.05130455270409584
        ],
        "coil4": [
            -0.04070308059453964,
            0.10276550054550171,
            0.05207619071006775
        ],
        "coil5": [
            -0.06991951912641525,
            -0.02533826231956482,
            -0.01324300467967987
        ]
    },
    "HeadCoilCoordinateSystem": "ElektaNeuromag",
    "HeadCoilCoordinateUnits": "m"
}
