{
    "MEGCoordinateSystem": "ElektaNeuromag",
    "MEGCoordinateUnits": "m",
    "HeadCoilCoordinates": {
        "NAS": [
            0.0,
            0.10587048530578613,
            7.450580596923828e-09
        ],
        "LPA": [
            -0.0742868036031723,
            2.9802322387695312e-08,
            7.450580596923828e-09
        ],
        "RPA": [
            0.07723970711231232,
            0.0,
            3.725290298461914e-09
        ],
        "coil1": [
            0.06815151870250702,
            -0.027567774057388306,
            -0.019701741635799408
        ],
        "coil2": [
            0.05922327935695648,
            0.08601954579353333,
            0.055472902953624725
        ],
        "coil3": [
            -0.013956598937511444,
            0.1163892149925232,
            0.04125704616308212
        ],
        "coil4": [
            -0.05541554465889931,
            0.08976969122886658,
            0.04040832072496414
        ],
        "coil5": [
            -0.06989042460918427,
            -0.029109150171279907,
            -0.012518007308244705
        ]
    },
    "HeadCoilCoordinateSystem": "ElektaNeuromag",
    "HeadCoilCoordinateUnits": "m"
}
