{
    "MEGCoordinateSystem": "ElektaNeuromag",
    "MEGCoordinateUnits": "m",
    "HeadCoilCoordinates": {
        "NAS": [
            -1.862645149230957e-09,
            0.09404870867729187,
            0.0
        ],
        "LPA": [
            -0.06915123760700226,
            0.0,
            0.0
        ],
        "RPA": [
            0.06613299250602722,
            0.0,
            3.725290298461914e-09
        ],
        "coil1": [
            0.05053480714559555,
            -0.026525020599365234,
            -0.019565697759389877
        ],
        "coil2": [
            0.038416169583797455,
            0.0912771224975586,
            0.0458657443523407
        ],
        "coil3": [
            -0.009457477368414402,
            0.10853073000907898,
            0.05078233405947685
        ],
        "coil4": [
            -0.049317821860313416,
            0.089021235704422,
            0.04000662639737129
        ],
        "coil5": [
            -0.058649905025959015,
            -0.022201716899871826,
            -0.024354152381420135
        ]
    },
    "HeadCoilCoordinateSystem": "ElektaNeuromag",
    "HeadCoilCoordinateUnits": "m"
}
