{
    "MEGCoordinateSystem": "ElektaNeuromag",
    "MEGCoordinateUnits": "m",
    "HeadCoilCoordinates": {
        "NAS": [
            -7.450580596923828e-09,
            0.08899804949760437,
            0.0
        ],
        "LPA": [
            -0.06343208253383636,
            0.0,
            0.0
        ],
        "RPA": [
            0.06631156802177429,
            0.0,
            -7.450580596923828e-09
        ],
        "coil1": [
            0.05702830106019974,
            -0.024772271513938904,
            -0.015309636481106281
        ],
        "coil2": [
            0.04375089704990387,
            0.0865921899676323,
            0.05011964216828346
        ],
        "coil3": [
            -0.00034754700027406216,
            0.10016441345214844,
            0.05356445163488388
        ],
        "coil4": [
            -0.042211197316646576,
            0.08669894933700562,
            0.05217773839831352
        ],
        "coil5": [
            -0.054110489785671234,
            -0.022529080510139465,
            -0.015138611197471619
        ]
    },
    "HeadCoilCoordinateSystem": "ElektaNeuromag",
    "HeadCoilCoordinateUnits": "m"
}
